Accountability Record: Site Code,Grade Level: Program Name,Grade Level: Grade,Students,Desired Enrollment,Facility: Facility Name,Facility: Portfolio Region,Facility: Cost Tier,Facility Capacity,Accountability Record: Site Name,Facility: Zip/Postal Code
WBC001,Alice M. Harte Charter School,8,68,80,Alice M. Harte,"Planning Districts 12, 13",1,958,Alice M Harte Elementary Charter School,70131
WBC001,Alice M. Harte Charter School,6,79,92,Alice M. Harte,"Planning Districts 12, 13",1,958,Alice M Harte Elementary Charter School,70131
WBC001,Alice M. Harte Charter School,K,68,88,Alice M. Harte,"Planning Districts 12, 13",1,958,Alice M Harte Elementary Charter School,70131
WBC001,Alice M. Harte Charter School,4,68,72,Alice M. Harte,"Planning Districts 12, 13",1,958,Alice M Harte Elementary Charter School,70131
WBC001,Alice M. Harte Charter School,5,74,76,Alice M. Harte,"Planning Districts 12, 13",1,958,Alice M Harte Elementary Charter School,70131
WBC001,Alice M. Harte Charter School,3,62,79,Alice M. Harte,"Planning Districts 12, 13",1,958,Alice M Harte Elementary Charter School,70131
WBC001,Alice M. Harte Charter School,1,64,65,Alice M. Harte,"Planning Districts 12, 13",1,958,Alice M Harte Elementary Charter School,70131
WBC001,Alice M. Harte Charter School,2,69,76,Alice M. Harte,"Planning Districts 12, 13",1,958,Alice M Harte Elementary Charter School,70131
WBC001,Alice M. Harte Charter School,7,71,79,Alice M. Harte,"Planning Districts 12, 13",1,958,Alice M Harte Elementary Charter School,70131
WBL001,Andrew H. Wilson Charter School,K,43,56,Andrew H. Wilson,"Planning Districts 1a, 1b, 2, 3",1,655,Wilson Charter School,70125
WBL001,Andrew H. Wilson Charter School,4,64,71,Andrew H. Wilson,"Planning Districts 1a, 1b, 2, 3",1,655,Wilson Charter School,70125
WBL001,Andrew H. Wilson Charter School,7,54,63,Andrew H. Wilson,"Planning Districts 1a, 1b, 2, 3",1,655,Wilson Charter School,70125
WBL001,Andrew H. Wilson Charter School,8,54,64,Andrew H. Wilson,"Planning Districts 1a, 1b, 2, 3",1,655,Wilson Charter School,70125
WBL001,Andrew H. Wilson Charter School,6,63,78,Andrew H. Wilson,"Planning Districts 1a, 1b, 2, 3",1,655,Wilson Charter School,70125
WBL001,Andrew H. Wilson Charter School,1,54,66,Andrew H. Wilson,"Planning Districts 1a, 1b, 2, 3",1,655,Wilson Charter School,70125
WBL001,Andrew H. Wilson Charter School,5,64,75,Andrew H. Wilson,"Planning Districts 1a, 1b, 2, 3",1,655,Wilson Charter School,70125
WBL001,Andrew H. Wilson Charter School,3,55,73,Andrew H. Wilson,"Planning Districts 1a, 1b, 2, 3",1,655,Wilson Charter School,70125
WBL001,Andrew H. Wilson Charter School,2,49,66,Andrew H. Wilson,"Planning Districts 1a, 1b, 2, 3",1,655,Wilson Charter School,70125
WBT001,Audubon Gentilly,7,39,55,Gentilly Terrace,"Planning Districts 6, 7, 8",4,358,Audubon Charter Gentilly,70122
WBT001,Audubon Gentilly,1,42,59,Gentilly Terrace,"Planning Districts 6, 7, 8",4,358,Audubon Charter Gentilly,70122
WBT001,Audubon Gentilly,4,47,53,Gentilly Terrace,"Planning Districts 6, 7, 8",4,358,Audubon Charter Gentilly,70122
WBT001,Audubon Gentilly,K,47,62,Gentilly Terrace,"Planning Districts 6, 7, 8",4,358,Audubon Charter Gentilly,70122
WBT001,Audubon Gentilly,2,47,53,Gentilly Terrace,"Planning Districts 6, 7, 8",4,358,Audubon Charter Gentilly,70122
WBT001,Audubon Gentilly,6,35,50,Gentilly Terrace,"Planning Districts 6, 7, 8",4,358,Audubon Charter Gentilly,70122
WBT001,Audubon Gentilly,5,51,69,Gentilly Terrace,"Planning Districts 6, 7, 8",4,358,Audubon Charter Gentilly,70122
WBT001,Audubon Gentilly,3,42,52,Gentilly Terrace,"Planning Districts 6, 7, 8",4,358,Audubon Charter Gentilly,70122
WAZ001,Audubon Uptown French Program - Lower School,2,47,58,Dorothy Mae Taylor,"Planning Districts 1a, 1b, 2, 3",2,455,Audubon Charter School,70118
WAZ001,Audubon Uptown French Program - Lower School,1,45,58,Dorothy Mae Taylor,"Planning Districts 1a, 1b, 2, 3",2,455,Audubon Charter School,70118
WAZ001,Audubon Uptown French Program - Lower School,K,61,71,Dorothy Mae Taylor,"Planning Districts 1a, 1b, 2, 3",2,455,Audubon Charter School,70118
WAZ001,Audubon Uptown French Program - Lower School,3,36,45,Dorothy Mae Taylor,"Planning Districts 1a, 1b, 2, 3",2,455,Audubon Charter School,70118
WAZ001,Audubon Uptown French Program - Upper School,8,17,32,Live Oak,"Planning Districts 1a, 1b, 2, 3",4,782,Audubon Charter School,70115
WAZ001,Audubon Uptown French Program - Upper School,5,39,53,Live Oak,"Planning Districts 1a, 1b, 2, 3",4,782,Audubon Charter School,70115
WAZ001,Audubon Uptown French Program - Upper School,7,31,33,Live Oak,"Planning Districts 1a, 1b, 2, 3",4,782,Audubon Charter School,70115
WAZ001,Audubon Uptown French Program - Upper School,4,45,62,Live Oak,"Planning Districts 1a, 1b, 2, 3",4,782,Audubon Charter School,70115
WAZ001,Audubon Uptown French Program - Upper School,6,36,37,Live Oak,"Planning Districts 1a, 1b, 2, 3",4,782,Audubon Charter School,70115
WAZ001,Audubon Uptown Montessori Program - Lower School,2,42,46,Dorothy Mae Taylor,"Planning Districts 1a, 1b, 2, 3",2,455,Audubon Charter School,70118
WAZ001,Audubon Uptown Montessori Program - Lower School,3,48,62,Dorothy Mae Taylor,"Planning Districts 1a, 1b, 2, 3",2,455,Audubon Charter School,70118
WAZ001,Audubon Uptown Montessori Program - Lower School,1,52,68,Dorothy Mae Taylor,"Planning Districts 1a, 1b, 2, 3",2,455,Audubon Charter School,70118
WAZ001,Audubon Uptown Montessori Program - Lower School,K,60,72,Dorothy Mae Taylor,"Planning Districts 1a, 1b, 2, 3",2,455,Audubon Charter School,70118
WAZ001,Audubon Uptown Montessori Program - Upper School,4,49,58,Live Oak,"Planning Districts 1a, 1b, 2, 3",4,782,Audubon Charter School,70115
WAZ001,Audubon Uptown Montessori Program - Upper School,6,38,50,Live Oak,"Planning Districts 1a, 1b, 2, 3",4,782,Audubon Charter School,70115
WAZ001,Audubon Uptown Montessori Program - Upper School,7,35,41,Live Oak,"Planning Districts 1a, 1b, 2, 3",4,782,Audubon Charter School,70115
WAZ001,Audubon Uptown Montessori Program - Upper School,8,39,45,Live Oak,"Planning Districts 1a, 1b, 2, 3",4,782,Audubon Charter School,70115
WAZ001,Audubon Uptown Montessori Program - Upper School,5,42,49,Live Oak,"Planning Districts 1a, 1b, 2, 3",4,782,Audubon Charter School,70115
036161,Benjamin Franklin Elementary Mathematics and Science School,5,76,93,Vorice Jackson Waters,"Planning Districts 1a, 1b, 2, 3",1,363,Benjamin Franklin Elem. Math and Science,70115
036161,Benjamin Franklin Elementary Mathematics and Science School,3,73,74,Vorice Jackson Waters,"Planning Districts 1a, 1b, 2, 3",1,363,Benjamin Franklin Elem. Math and Science,70115
036161,Benjamin Franklin Elementary Mathematics and Science School,K,68,77,Vorice Jackson Waters,"Planning Districts 1a, 1b, 2, 3",1,363,Benjamin Franklin Elem. Math and Science,70115
036161,Benjamin Franklin Elementary Mathematics and Science School,1,70,87,Vorice Jackson Waters,"Planning Districts 1a, 1b, 2, 3",1,363,Benjamin Franklin Elem. Math and Science,70115
036161,Benjamin Franklin Elementary Mathematics and Science School,2,71,87,Vorice Jackson Waters,"Planning Districts 1a, 1b, 2, 3",1,363,Benjamin Franklin Elem. Math and Science,70115
036161,Benjamin Franklin Elementary Mathematics and Science School,8,77,84,Bauduit,"Planning Districts 1a, 1b, 2, 3",4,333,Benjamin Franklin Elem. Math and Science,70115
036161,Benjamin Franklin Elementary Mathematics and Science School,4,73,76,Vorice Jackson Waters,"Planning Districts 1a, 1b, 2, 3",1,363,Benjamin Franklin Elem. Math and Science,70115
036161,Benjamin Franklin Elementary Mathematics and Science School,6,62,71,Bauduit,"Planning Districts 1a, 1b, 2, 3",4,333,Benjamin Franklin Elem. Math and Science,70115
036161,Benjamin Franklin Elementary Mathematics and Science School,7,70,80,Bauduit,"Planning Districts 1a, 1b, 2, 3",4,333,Benjamin Franklin Elem. Math and Science,70115
398008,Booker T. Washington High School (KIPP),12,135,153,Booker T. Washington,"Planning Districts 4, 5",1,1171,Booker T. Washington High School,70125
398008,Booker T. Washington High School (KIPP),11,142,158,Booker T. Washington,"Planning Districts 4, 5",1,1171,Booker T. Washington High School,70125
398008,Booker T. Washington High School (KIPP),10,148,153,Booker T. Washington,"Planning Districts 4, 5",1,1171,Booker T. Washington High School,70125
398008,Booker T. Washington High School (KIPP),9,135,141,Booker T. Washington,"Planning Districts 4, 5",1,1171,Booker T. Washington High School,70125
WBK001,Bricolage Academy,8,78,98,Elliot & Mary Jane Willard,"Planning Districts 4, 5",2,891,Bricolage Academy,70119
WBK001,Bricolage Academy,K,75,83,Elliot & Mary Jane Willard,"Planning Districts 4, 5",2,891,Bricolage Academy,70119
WBK001,Bricolage Academy,2,78,96,Elliot & Mary Jane Willard,"Planning Districts 4, 5",2,891,Bricolage Academy,70119
WBK001,Bricolage Academy,1,69,72,Elliot & Mary Jane Willard,"Planning Districts 4, 5",2,891,Bricolage Academy,70119
WBK001,Bricolage Academy,7,101,111,Elliot & Mary Jane Willard,"Planning Districts 4, 5",2,891,Bricolage Academy,70119
WBK001,Bricolage Academy,6,103,116,Elliot & Mary Jane Willard,"Planning Districts 4, 5",2,891,Bricolage Academy,70119
WBK001,Bricolage Academy,4,100,101,Elliot & Mary Jane Willard,"Planning Districts 4, 5",2,891,Bricolage Academy,70119
WBK001,Bricolage Academy,3,96,101,Elliot & Mary Jane Willard,"Planning Districts 4, 5",2,891,Bricolage Academy,70119
WBK001,Bricolage Academy,5,111,117,Elliot & Mary Jane Willard,"Planning Districts 4, 5",2,891,Bricolage Academy,70119
382001,CA: Abramson Sci Academy,12,147,149,Abramson,"Planning Districts 9, 10, 11",1,764,Abramson Sci Academy,70127
382001,CA: Abramson Sci Academy,9,178,180,Abramson,"Planning Districts 9, 10, 11",1,764,Abramson Sci Academy,70127
382001,CA: Abramson Sci Academy,10,153,168,Abramson,"Planning Districts 9, 10, 11",1,764,Abramson Sci Academy,70127
382001,CA: Abramson Sci Academy,11,147,165,Abramson,"Planning Districts 9, 10, 11",1,764,Abramson Sci Academy,70127
382002,CA: G.W. Carver High School,12,166,178,G.W. Carver,"Planning Districts 6, 7, 8",1,1256,G W Carver High School,70126
382002,CA: G.W. Carver High School,10,204,206,G.W. Carver,"Planning Districts 6, 7, 8",1,1256,G W Carver High School,70126
382002,CA: G.W. Carver High School,9,203,216,G.W. Carver,"Planning Districts 6, 7, 8",1,1256,G W Carver High School,70126
382002,CA: G.W. Carver High School,11,157,159,G.W. Carver,"Planning Districts 6, 7, 8",1,1256,G W Carver High School,70126
382004,CA: Livingston Collegiate Academy,11,143,161,Dr. Milton J. Becnel,"Planning Districts 9, 10, 11",1,746,Livingston Collegiate Academy,70126
382004,CA: Livingston Collegiate Academy,10,134,149,Dr. Milton J. Becnel,"Planning Districts 9, 10, 11",1,746,Livingston Collegiate Academy,70126
382004,CA: Livingston Collegiate Academy,9,164,165,Dr. Milton J. Becnel,"Planning Districts 9, 10, 11",1,746,Livingston Collegiate Academy,70126
382004,CA: Livingston Collegiate Academy,12,128,144,Dr. Milton J. Becnel,"Planning Districts 9, 10, 11",1,746,Livingston Collegiate Academy,70126
WC2001,CA: Opportunities Academy,12,67,68,Guste,"Planning Districts 1a, 1b, 2, 3",3,758,Opportunities Academy,70113
WBU001,CA: Walter L. Cohen High School,9,76,77,Cohen,"Planning Districts 1a, 1b, 2, 3",1,886,Walter L. Cohen High School,70115
WBU001,CA: Walter L. Cohen High School,10,92,111,Cohen,"Planning Districts 1a, 1b, 2, 3",1,886,Walter L. Cohen High School,70115
WBU001,CA: Walter L. Cohen High School,12,61,75,Cohen,"Planning Districts 1a, 1b, 2, 3",1,886,Walter L. Cohen High School,70115
WBU001,CA: Walter L. Cohen High School,11,101,121,Cohen,"Planning Districts 1a, 1b, 2, 3",1,886,Walter L. Cohen High School,70115
WBP001,Capdau S.T.E.A.M.,6,59,66,Avery Alexander,"Planning Districts 6, 7, 8",1,989,Pierre A. Capdau S.T.E.A.M School,70122
WBP001,Capdau S.T.E.A.M.,K,47,66,Avery Alexander,"Planning Districts 6, 7, 8",1,989,Pierre A. Capdau S.T.E.A.M School,70122
WBP001,Capdau S.T.E.A.M.,5,55,63,Avery Alexander,"Planning Districts 6, 7, 8",1,989,Pierre A. Capdau S.T.E.A.M School,70122
WBP001,Capdau S.T.E.A.M.,8,94,105,Avery Alexander,"Planning Districts 6, 7, 8",1,989,Pierre A. Capdau S.T.E.A.M School,70122
WBP001,Capdau S.T.E.A.M.,3,56,58,Avery Alexander,"Planning Districts 6, 7, 8",1,989,Pierre A. Capdau S.T.E.A.M School,70122
WBP001,Capdau S.T.E.A.M.,2,48,52,Avery Alexander,"Planning Districts 6, 7, 8",1,989,Pierre A. Capdau S.T.E.A.M School,70122
WBP001,Capdau S.T.E.A.M.,1,51,56,Avery Alexander,"Planning Districts 6, 7, 8",1,989,Pierre A. Capdau S.T.E.A.M School,70122
WBP001,Capdau S.T.E.A.M.,7,80,83,Avery Alexander,"Planning Districts 6, 7, 8",1,989,Pierre A. Capdau S.T.E.A.M School,70122
WBP001,Capdau S.T.E.A.M.,4,51,60,Avery Alexander,"Planning Districts 6, 7, 8",1,989,Pierre A. Capdau S.T.E.A.M School,70122
036200,Delores Taylor Arthur School for Young Men,8,20,28,Private Facility (Delores Taylor Arthur),"Planning Districts 6, 7, 8",,0,The Delores Taylor Arthur School for Young Men,70122
036200,Delores Taylor Arthur School for Young Men,11,15,32,Private Facility (Delores Taylor Arthur),"Planning Districts 6, 7, 8",,0,The Delores Taylor Arthur School for Young Men,70122
036200,Delores Taylor Arthur School for Young Men,9,29,36,Private Facility (Delores Taylor Arthur),"Planning Districts 6, 7, 8",,0,The Delores Taylor Arthur School for Young Men,70122
036200,Delores Taylor Arthur School for Young Men,10,10,21,Private Facility (Delores Taylor Arthur),"Planning Districts 6, 7, 8",,0,The Delores Taylor Arthur School for Young Men,70122
363002,Dorothy Height Charter School (Formerly Paul Habans),3,84,86,Dorothy I. Height,"Planning Districts 12, 13",1,965,Dorothy Height Charter School,70114
363002,Dorothy Height Charter School (Formerly Paul Habans),1,67,78,Dorothy I. Height,"Planning Districts 12, 13",1,965,Dorothy Height Charter School,70114
363002,Dorothy Height Charter School (Formerly Paul Habans),K,81,98,Dorothy I. Height,"Planning Districts 12, 13",1,965,Dorothy Height Charter School,70114
363002,Dorothy Height Charter School (Formerly Paul Habans),8,89,91,Dorothy I. Height,"Planning Districts 12, 13",1,965,Dorothy Height Charter School,70114
363002,Dorothy Height Charter School (Formerly Paul Habans),7,86,87,Dorothy I. Height,"Planning Districts 12, 13",1,965,Dorothy Height Charter School,70114
363002,Dorothy Height Charter School (Formerly Paul Habans),6,89,107,Dorothy I. Height,"Planning Districts 12, 13",1,965,Dorothy Height Charter School,70114
363002,Dorothy Height Charter School (Formerly Paul Habans),4,82,95,Dorothy I. Height,"Planning Districts 12, 13",1,965,Dorothy Height Charter School,70114
363002,Dorothy Height Charter School (Formerly Paul Habans),5,84,85,Dorothy I. Height,"Planning Districts 12, 13",1,965,Dorothy Height Charter School,70114
363002,Dorothy Height Charter School (Formerly Paul Habans),2,81,87,Dorothy I. Height,"Planning Districts 12, 13",1,965,Dorothy Height Charter School,70114
W31001,Dr. Martin Luther King Jr. Charter School,5,47,66,Martin Luther King Jr.,"Planning Districts 6, 7, 8",2,770,Dr. Martin Luther King Charter School for Sci Tech,70117
W31001,Dr. Martin Luther King Jr. Charter School,9,54,56,Dr. Alfred Lawless Jr.,"Planning Districts 6, 7, 8",1,891,Dr. Martin Luther King Charter School for Sci Tech,70117
W31001,Dr. Martin Luther King Jr. Charter School,1,59,78,Martin Luther King Jr.,"Planning Districts 6, 7, 8",2,770,Dr. Martin Luther King Charter School for Sci Tech,70117
W31001,Dr. Martin Luther King Jr. Charter School,4,56,72,Martin Luther King Jr.,"Planning Districts 6, 7, 8",2,770,Dr. Martin Luther King Charter School for Sci Tech,70117
W31001,Dr. Martin Luther King Jr. Charter School,6,43,50,Martin Luther King Jr.,"Planning Districts 6, 7, 8",2,770,Dr. Martin Luther King Charter School for Sci Tech,70117
W31001,Dr. Martin Luther King Jr. Charter School,K,56,64,Martin Luther King Jr.,"Planning Districts 6, 7, 8",2,770,Dr. Martin Luther King Charter School for Sci Tech,70117
W31001,Dr. Martin Luther King Jr. Charter School,12,22,25,Dr. Alfred Lawless Jr.,"Planning Districts 6, 7, 8",1,891,Dr. Martin Luther King Charter School for Sci Tech,70117
W31001,Dr. Martin Luther King Jr. Charter School,8,54,56,Martin Luther King Jr.,"Planning Districts 6, 7, 8",2,770,Dr. Martin Luther King Charter School for Sci Tech,70117
W31001,Dr. Martin Luther King Jr. Charter School,7,43,60,Martin Luther King Jr.,"Planning Districts 6, 7, 8",2,770,Dr. Martin Luther King Charter School for Sci Tech,70117
W31001,Dr. Martin Luther King Jr. Charter School,11,51,57,Dr. Alfred Lawless Jr.,"Planning Districts 6, 7, 8",1,891,Dr. Martin Luther King Charter School for Sci Tech,70117
W31001,Dr. Martin Luther King Jr. Charter School,3,63,73,Martin Luther King Jr.,"Planning Districts 6, 7, 8",2,770,Dr. Martin Luther King Charter School for Sci Tech,70117
W31001,Dr. Martin Luther King Jr. Charter School,10,43,58,Dr. Alfred Lawless Jr.,"Planning Districts 6, 7, 8",1,891,Dr. Martin Luther King Charter School for Sci Tech,70117
W31001,Dr. Martin Luther King Jr. Charter School,2,69,85,Martin Luther King Jr.,"Planning Districts 6, 7, 8",2,770,Dr. Martin Luther King Charter School for Sci Tech,70117
WBV001,Dwight D. Eisenhower Charter School,7,55,71,Dwight D. Eisenhower,"Planning Districts 12, 13",4,807,Dwight D. Eisenhower Charter School,70131
WBV001,Dwight D. Eisenhower Charter School,1,55,64,Dwight D. Eisenhower,"Planning Districts 12, 13",4,807,Dwight D. Eisenhower Charter School,70131
WBV001,Dwight D. Eisenhower Charter School,6,61,79,Dwight D. Eisenhower,"Planning Districts 12, 13",4,807,Dwight D. Eisenhower Charter School,70131
WBV001,Dwight D. Eisenhower Charter School,5,57,65,Dwight D. Eisenhower,"Planning Districts 12, 13",4,807,Dwight D. Eisenhower Charter School,70131
WBV001,Dwight D. Eisenhower Charter School,K,46,47,Dwight D. Eisenhower,"Planning Districts 12, 13",4,807,Dwight D. Eisenhower Charter School,70131
WBV001,Dwight D. Eisenhower Charter School,2,60,80,Dwight D. Eisenhower,"Planning Districts 12, 13",4,807,Dwight D. Eisenhower Charter School,70131
WBV001,Dwight D. Eisenhower Charter School,4,61,77,Dwight D. Eisenhower,"Planning Districts 12, 13",4,807,Dwight D. Eisenhower Charter School,70131
WBV001,Dwight D. Eisenhower Charter School,3,62,79,Dwight D. Eisenhower,"Planning Districts 12, 13",4,807,Dwight D. Eisenhower Charter School,70131
WBV001,Dwight D. Eisenhower Charter School,8,55,71,Dwight D. Eisenhower,"Planning Districts 12, 13",4,807,Dwight D. Eisenhower Charter School,70131
WBD001,Edna Karr High School,11,260,268,Edna Karr,"Planning Districts 12, 13",1,1207,Edna Karr High School,70131
WBD001,Edna Karr High School,10,281,297,Edna Karr,"Planning Districts 12, 13",1,1207,Edna Karr High School,70131
WBD001,Edna Karr High School,9,279,296,Edna Karr,"Planning Districts 12, 13",1,1207,Edna Karr High School,70131
WBD001,Edna Karr High School,12,274,287,Edna Karr,"Planning Districts 12, 13",1,1207,Edna Karr High School,70131
WBN001,Einstein Charter Middle School at Sarah Towles Reed,8,103,112,Sarah Towles Reed,"Planning Districts 9, 10, 11",4,1311,Einstein Charter Middle Sch at Sarah Towles Reed,70129
WBO001,Einstein Charter School at Sherwood Forest,1,41,57,Sherwood Forest,"Planning Districts 9, 10, 11",1,965,Einstein Charter at Sherwood Forest,70128
WBO001,Einstein Charter School at Sherwood Forest,6,16,34,Sherwood Forest,"Planning Districts 9, 10, 11",1,965,Einstein Charter at Sherwood Forest,70128
WBO001,Einstein Charter School at Sherwood Forest,2,59,79,Sherwood Forest,"Planning Districts 9, 10, 11",1,965,Einstein Charter at Sherwood Forest,70128
WBO001,Einstein Charter School at Sherwood Forest,5,39,46,Sherwood Forest,"Planning Districts 9, 10, 11",1,965,Einstein Charter at Sherwood Forest,70128
WBO001,Einstein Charter School at Sherwood Forest,4,63,81,Sherwood Forest,"Planning Districts 9, 10, 11",1,965,Einstein Charter at Sherwood Forest,70128
WBO001,Einstein Charter School at Sherwood Forest,K,42,45,Sherwood Forest,"Planning Districts 9, 10, 11",1,965,Einstein Charter at Sherwood Forest,70128
WBO001,Einstein Charter School at Sherwood Forest,7,25,26,Sherwood Forest,"Planning Districts 9, 10, 11",1,965,Einstein Charter at Sherwood Forest,70128
WBO001,Einstein Charter School at Sherwood Forest,3,60,70,Sherwood Forest,"Planning Districts 9, 10, 11",1,965,Einstein Charter at Sherwood Forest,70128
WBA001,Einstein Charter School at Village de l'Est,7,47,67,Dominic Mai Thanh Luong,"Planning Districts 9, 10, 11",4,715,Einstein Charter School at Village De L'Est,70129
WBA001,Einstein Charter School at Village de l'Est,1,70,76,Dominic Mai Thanh Luong,"Planning Districts 9, 10, 11",4,715,Einstein Charter School at Village De L'Est,70129
WBA001,Einstein Charter School at Village de l'Est,5,69,80,Dominic Mai Thanh Luong,"Planning Districts 9, 10, 11",4,715,Einstein Charter School at Village De L'Est,70129
WBA001,Einstein Charter School at Village de l'Est,4,63,76,Dominic Mai Thanh Luong,"Planning Districts 9, 10, 11",4,715,Einstein Charter School at Village De L'Est,70129
WBA001,Einstein Charter School at Village de l'Est,3,66,85,Dominic Mai Thanh Luong,"Planning Districts 9, 10, 11",4,715,Einstein Charter School at Village De L'Est,70129
WBA001,Einstein Charter School at Village de l'Est,2,67,75,Dominic Mai Thanh Luong,"Planning Districts 9, 10, 11",4,715,Einstein Charter School at Village De L'Est,70129
WBA001,Einstein Charter School at Village de l'Est,6,49,62,Dominic Mai Thanh Luong,"Planning Districts 9, 10, 11",4,715,Einstein Charter School at Village De L'Est,70129
WBA001,Einstein Charter School at Village de l'Est,K,46,49,Dominic Mai Thanh Luong,"Planning Districts 9, 10, 11",4,715,Einstein Charter School at Village De L'Est,70129
036197,Elan Academy,7,21,23,Rosenwald,"Planning Districts 12, 13",1,698,Elan Academy Charter School,70131
036197,Elan Academy,3,45,47,Rosenwald,"Planning Districts 12, 13",1,698,Elan Academy Charter School,70131
036197,Elan Academy,2,46,58,Rosenwald,"Planning Districts 12, 13",1,698,Elan Academy Charter School,70131
036197,Elan Academy,K,32,48,Rosenwald,"Planning Districts 12, 13",1,698,Elan Academy Charter School,70131
036197,Elan Academy,6,36,38,Rosenwald,"Planning Districts 12, 13",1,698,Elan Academy Charter School,70131
036197,Elan Academy,8,20,39,Rosenwald,"Planning Districts 12, 13",1,698,Elan Academy Charter School,70131
036197,Elan Academy,1,38,44,Rosenwald,"Planning Districts 12, 13",1,698,Elan Academy Charter School,70131
036197,Elan Academy,4,34,45,Rosenwald,"Planning Districts 12, 13",1,698,Elan Academy Charter School,70131
036197,Elan Academy,5,47,66,Rosenwald,"Planning Districts 12, 13",1,698,Elan Academy Charter School,70131
WBF001,Eleanor McMain Secondary School,11,161,166,Eleanor McMain,"Planning Districts 1a, 1b, 2, 3",4,1007,Eleanor McMain Secondary School,70125
WBF001,Eleanor McMain Secondary School,12,164,178,Eleanor McMain,"Planning Districts 1a, 1b, 2, 3",4,1007,Eleanor McMain Secondary School,70125
WBF001,Eleanor McMain Secondary School,9,208,216,Eleanor McMain,"Planning Districts 1a, 1b, 2, 3",4,1007,Eleanor McMain Secondary School,70125
WBF001,Eleanor McMain Secondary School,10,156,159,Eleanor McMain,"Planning Districts 1a, 1b, 2, 3",4,1007,Eleanor McMain Secondary School,70125
3C3003,Esperanza Charter School (Lower Campus),4,51,68,Crossman,"Planning Districts 4, 5",4,430,Esperanza Charter School,70119
3C3003,Esperanza Charter School (Lower Campus),2,52,65,Crossman,"Planning Districts 4, 5",4,430,Esperanza Charter School,70119
3C3003,Esperanza Charter School (Lower Campus),1,43,50,Crossman,"Planning Districts 4, 5",4,430,Esperanza Charter School,70119
3C3003,Esperanza Charter School (Lower Campus),3,48,60,Crossman,"Planning Districts 4, 5",4,430,Esperanza Charter School,70119
3C3003,Esperanza Charter School (Lower Campus),K,31,47,Crossman,"Planning Districts 4, 5",4,430,Esperanza Charter School,70119
3C3003,Esperanza Charter School (Upper Campus),5,44,59,Dunbar,"Planning Districts 1a, 1b, 2, 3",1,649,Esperanza Charter School,70118
3C3003,Esperanza Charter School (Upper Campus),7,58,75,Dunbar,"Planning Districts 1a, 1b, 2, 3",1,649,Esperanza Charter School,70118
3C3003,Esperanza Charter School (Upper Campus),8,48,66,Dunbar,"Planning Districts 1a, 1b, 2, 3",1,649,Esperanza Charter School,70118
3C3003,Esperanza Charter School (Upper Campus),6,42,46,Dunbar,"Planning Districts 1a, 1b, 2, 3",1,649,Esperanza Charter School,70118
364001,Fannie C. Williams Charter School,4,32,51,Fannie C. Williams,"Planning Districts 9, 10, 11",2,740,Fannie C. Williams Charter School,70128
364001,Fannie C. Williams Charter School,3,49,66,Fannie C. Williams,"Planning Districts 9, 10, 11",2,740,Fannie C. Williams Charter School,70128
364001,Fannie C. Williams Charter School,1,31,35,Fannie C. Williams,"Planning Districts 9, 10, 11",2,740,Fannie C. Williams Charter School,70128
364001,Fannie C. Williams Charter School,K,41,44,Fannie C. Williams,"Planning Districts 9, 10, 11",2,740,Fannie C. Williams Charter School,70128
364001,Fannie C. Williams Charter School,7,39,43,Fannie C. Williams,"Planning Districts 9, 10, 11",2,740,Fannie C. Williams Charter School,70128
364001,Fannie C. Williams Charter School,6,31,38,Fannie C. Williams,"Planning Districts 9, 10, 11",2,740,Fannie C. Williams Charter School,70128
364001,Fannie C. Williams Charter School,5,32,35,Fannie C. Williams,"Planning Districts 9, 10, 11",2,740,Fannie C. Williams Charter School,70128
364001,Fannie C. Williams Charter School,8,47,59,Fannie C. Williams,"Planning Districts 9, 10, 11",2,740,Fannie C. Williams Charter School,70128
364001,Fannie C. Williams Charter School,2,44,58,Fannie C. Williams,"Planning Districts 9, 10, 11",2,740,Fannie C. Williams Charter School,70128
399002,FirstLine Schools: Arthur Ashe Charter School,1,74,91,Arthur Ashe,"Planning Districts 6, 7, 8",2,722,Arthur Ashe Charter School,70122
399002,FirstLine Schools: Arthur Ashe Charter School,7,80,91,Arthur Ashe,"Planning Districts 6, 7, 8",2,722,Arthur Ashe Charter School,70122
399002,FirstLine Schools: Arthur Ashe Charter School,2,79,82,Arthur Ashe,"Planning Districts 6, 7, 8",2,722,Arthur Ashe Charter School,70122
399002,FirstLine Schools: Arthur Ashe Charter School,4,84,90,Arthur Ashe,"Planning Districts 6, 7, 8",2,722,Arthur Ashe Charter School,70122
399002,FirstLine Schools: Arthur Ashe Charter School,K,55,74,Arthur Ashe,"Planning Districts 6, 7, 8",2,722,Arthur Ashe Charter School,70122
399002,FirstLine Schools: Arthur Ashe Charter School,3,82,100,Arthur Ashe,"Planning Districts 6, 7, 8",2,722,Arthur Ashe Charter School,70122
399002,FirstLine Schools: Arthur Ashe Charter School,6,78,98,Arthur Ashe,"Planning Districts 6, 7, 8",2,722,Arthur Ashe Charter School,70122
399002,FirstLine Schools: Arthur Ashe Charter School,8,79,94,Arthur Ashe,"Planning Districts 6, 7, 8",2,722,Arthur Ashe Charter School,70122
399002,FirstLine Schools: Arthur Ashe Charter School,5,80,86,Arthur Ashe,"Planning Districts 6, 7, 8",2,722,Arthur Ashe Charter School,70122
399005,FirstLine Schools: Langston Hughes Academy,K,55,74,Langston Hughes,"Planning Districts 4, 5",1,782,Langston Hughes Charter Academy,70119
399005,FirstLine Schools: Langston Hughes Academy,3,79,96,Langston Hughes,"Planning Districts 4, 5",1,782,Langston Hughes Charter Academy,70119
399005,FirstLine Schools: Langston Hughes Academy,1,75,86,Langston Hughes,"Planning Districts 4, 5",1,782,Langston Hughes Charter Academy,70119
399005,FirstLine Schools: Langston Hughes Academy,7,75,91,Langston Hughes,"Planning Districts 4, 5",1,782,Langston Hughes Charter Academy,70119
399005,FirstLine Schools: Langston Hughes Academy,4,77,85,Langston Hughes,"Planning Districts 4, 5",1,782,Langston Hughes Charter Academy,70119
399005,FirstLine Schools: Langston Hughes Academy,2,76,76,Langston Hughes,"Planning Districts 4, 5",1,782,Langston Hughes Charter Academy,70119
399005,FirstLine Schools: Langston Hughes Academy,8,80,93,Langston Hughes,"Planning Districts 4, 5",1,782,Langston Hughes Charter Academy,70119
399005,FirstLine Schools: Langston Hughes Academy,6,70,71,Langston Hughes,"Planning Districts 4, 5",1,782,Langston Hughes Charter Academy,70119
399005,FirstLine Schools: Langston Hughes Academy,5,68,68,Langston Hughes,"Planning Districts 4, 5",1,782,Langston Hughes Charter Academy,70119
399004,FirstLine Schools: Phillis Wheatley Community School,K,66,73,Phillis Wheatley,"Planning Districts 4, 5",1,673,Phillis Wheatley Community School,70119
399004,FirstLine Schools: Phillis Wheatley Community School,6,65,73,Phillis Wheatley,"Planning Districts 4, 5",1,673,Phillis Wheatley Community School,70119
399004,FirstLine Schools: Phillis Wheatley Community School,4,75,86,Phillis Wheatley,"Planning Districts 4, 5",1,673,Phillis Wheatley Community School,70119
399004,FirstLine Schools: Phillis Wheatley Community School,7,79,89,Phillis Wheatley,"Planning Districts 4, 5",1,673,Phillis Wheatley Community School,70119
399004,FirstLine Schools: Phillis Wheatley Community School,2,76,85,Phillis Wheatley,"Planning Districts 4, 5",1,673,Phillis Wheatley Community School,70119
399004,FirstLine Schools: Phillis Wheatley Community School,8,65,85,Phillis Wheatley,"Planning Districts 4, 5",1,673,Phillis Wheatley Community School,70119
399004,FirstLine Schools: Phillis Wheatley Community School,5,71,78,Phillis Wheatley,"Planning Districts 4, 5",1,673,Phillis Wheatley Community School,70119
399004,FirstLine Schools: Phillis Wheatley Community School,3,80,84,Phillis Wheatley,"Planning Districts 4, 5",1,673,Phillis Wheatley Community School,70119
399004,FirstLine Schools: Phillis Wheatley Community School,1,70,81,Phillis Wheatley,"Planning Districts 4, 5",1,673,Phillis Wheatley Community School,70119
399001,FirstLine Schools: Samuel J. Green Charter School,3,52,70,Samuel J. Green,"Planning Districts 1a, 1b, 2, 3",3,497,Samuel J. Green Charter School,70115
399001,FirstLine Schools: Samuel J. Green Charter School,1,49,58,Samuel J. Green,"Planning Districts 1a, 1b, 2, 3",3,497,Samuel J. Green Charter School,70115
399001,FirstLine Schools: Samuel J. Green Charter School,2,43,61,Samuel J. Green,"Planning Districts 1a, 1b, 2, 3",3,497,Samuel J. Green Charter School,70115
399001,FirstLine Schools: Samuel J. Green Charter School,6,56,70,Samuel J. Green,"Planning Districts 1a, 1b, 2, 3",3,497,Samuel J. Green Charter School,70115
399001,FirstLine Schools: Samuel J. Green Charter School,4,44,47,Samuel J. Green,"Planning Districts 1a, 1b, 2, 3",3,497,Samuel J. Green Charter School,70115
399001,FirstLine Schools: Samuel J. Green Charter School,K,39,44,Samuel J. Green,"Planning Districts 1a, 1b, 2, 3",3,497,Samuel J. Green Charter School,70115
399001,FirstLine Schools: Samuel J. Green Charter School,8,50,62,Samuel J. Green,"Planning Districts 1a, 1b, 2, 3",3,497,Samuel J. Green Charter School,70115
399001,FirstLine Schools: Samuel J. Green Charter School,5,47,63,Samuel J. Green,"Planning Districts 1a, 1b, 2, 3",3,497,Samuel J. Green Charter School,70115
399001,FirstLine Schools: Samuel J. Green Charter School,7,49,52,Samuel J. Green,"Planning Districts 1a, 1b, 2, 3",3,497,Samuel J. Green Charter School,70115
3C3001,Foundation Preparatory Academy,2,16,18,Nelson,"Planning Districts 4, 5",2,600,Foundation Preparatory Academy,70119
3C3001,Foundation Preparatory Academy,5,17,27,Nelson,"Planning Districts 4, 5",2,600,Foundation Preparatory Academy,70119
3C3001,Foundation Preparatory Academy,4,15,23,Nelson,"Planning Districts 4, 5",2,600,Foundation Preparatory Academy,70119
3C3001,Foundation Preparatory Academy,6,20,37,Nelson,"Planning Districts 4, 5",2,600,Foundation Preparatory Academy,70119
3C3001,Foundation Preparatory Academy,7,24,42,Nelson,"Planning Districts 4, 5",2,600,Foundation Preparatory Academy,70119
3C3001,Foundation Preparatory Academy,3,15,32,Nelson,"Planning Districts 4, 5",2,600,Foundation Preparatory Academy,70119
3C3001,Foundation Preparatory Academy,K,5,6,Nelson,"Planning Districts 4, 5",2,600,Foundation Preparatory Academy,70119
3C3001,Foundation Preparatory Academy,8,23,33,Nelson,"Planning Districts 4, 5",2,600,Foundation Preparatory Academy,70119
3C3001,Foundation Preparatory Academy,1,-1,2,Nelson,"Planning Districts 4, 5",2,600,Foundation Preparatory Academy,70119
398005,Frederick A. Douglass High School (KIPP),10,159,164,Frederick A. Douglass,"Planning Districts 6, 7, 8",3,1092,Frederick A. Douglass High School,70117
398005,Frederick A. Douglass High School (KIPP),11,166,179,Frederick A. Douglass,"Planning Districts 6, 7, 8",3,1092,Frederick A. Douglass High School,70117
398005,Frederick A. Douglass High School (KIPP),9,157,158,Frederick A. Douglass,"Planning Districts 6, 7, 8",3,1092,Frederick A. Douglass High School,70117
398005,Frederick A. Douglass High School (KIPP),12,142,161,Frederick A. Douglass,"Planning Districts 6, 7, 8",3,1092,Frederick A. Douglass High School,70117
363001,Harriet Tubman Charter School 3-8,5,85,93,Harriet Tubman,"Planning Districts 12, 13",1,722,Harriet Tubman Charter School,70114
363001,Harriet Tubman Charter School 3-8,3,92,98,Harriet Tubman,"Planning Districts 12, 13",1,722,Harriet Tubman Charter School,70114
363001,Harriet Tubman Charter School 3-8,4,87,92,Harriet Tubman,"Planning Districts 12, 13",1,722,Harriet Tubman Charter School,70114
363001,Harriet Tubman Charter School 3-8,8,81,84,Harriet Tubman,"Planning Districts 12, 13",1,722,Harriet Tubman Charter School,70114
363001,Harriet Tubman Charter School 3-8,7,89,96,Harriet Tubman,"Planning Districts 12, 13",1,722,Harriet Tubman Charter School,70114
363001,Harriet Tubman Charter School 3-8,6,77,87,Harriet Tubman,"Planning Districts 12, 13",1,722,Harriet Tubman Charter School,70114
363001,Harriet Tubman Charter School PK4-2,K,75,93,Private Facility (Harriet Tubman),"Planning Districts 12, 13",,0,Harriet Tubman Charter School,70114
363001,Harriet Tubman Charter School PK4-2,2,84,102,Private Facility (Harriet Tubman),"Planning Districts 12, 13",,0,Harriet Tubman Charter School,70114
363001,Harriet Tubman Charter School PK4-2,1,85,94,Private Facility (Harriet Tubman),"Planning Districts 12, 13",,0,Harriet Tubman Charter School,70114
3C6001,Homer Plessy Community Schools (5-8),6,60,70,Joseph A. Craig,"Planning Districts 4, 5",2,588,Homer Plessy Community School,70116
3C6001,Homer Plessy Community Schools (5-8),8,74,85,Joseph A. Craig,"Planning Districts 4, 5",2,588,Homer Plessy Community School,70116
3C6001,Homer Plessy Community Schools (5-8),7,67,71,Joseph A. Craig,"Planning Districts 4, 5",2,588,Homer Plessy Community School,70116
3C6001,Homer Plessy Community Schools (5-8),5,91,92,Joseph A. Craig,"Planning Districts 4, 5",2,588,Homer Plessy Community School,70116
3C6001,Homer Plessy Community Schools (PK-4),1,78,85,Leah Metoyer McKenna,"Planning Districts 4, 5",2,576,Homer Plessy Community School,70119
3C6001,Homer Plessy Community Schools (PK-4),4,70,78,Leah Metoyer McKenna,"Planning Districts 4, 5",2,576,Homer Plessy Community School,70119
3C6001,Homer Plessy Community Schools (PK-4),2,73,84,Leah Metoyer McKenna,"Planning Districts 4, 5",2,576,Homer Plessy Community School,70119
3C6001,Homer Plessy Community Schools (PK-4),3,95,105,Leah Metoyer McKenna,"Planning Districts 4, 5",2,576,Homer Plessy Community School,70119
3C6001,Homer Plessy Community Schools (PK-4),K,41,60,Leah Metoyer McKenna,"Planning Districts 4, 5",2,576,Homer Plessy Community School,70119
3C2001,Hynes Lakeview,3,48,61,Edward Hynes,"Planning Districts 4, 5",1,941,Edward Hynes Charter School - Lakeview,70124
3C2001,Hynes Lakeview,6,77,78,Edward Hynes,"Planning Districts 4, 5",1,941,Edward Hynes Charter School - Lakeview,70124
3C2001,Hynes Lakeview,4,51,63,Edward Hynes,"Planning Districts 4, 5",1,941,Edward Hynes Charter School - Lakeview,70124
3C2001,Hynes Lakeview,7,71,75,Edward Hynes,"Planning Districts 4, 5",1,941,Edward Hynes Charter School - Lakeview,70124
3C2001,Hynes Lakeview,2,50,51,Edward Hynes,"Planning Districts 4, 5",1,941,Edward Hynes Charter School - Lakeview,70124
3C2001,Hynes Lakeview,K,47,57,Edward Hynes,"Planning Districts 4, 5",1,941,Edward Hynes Charter School - Lakeview,70124
3C2001,Hynes Lakeview,8,55,65,Edward Hynes,"Planning Districts 4, 5",1,941,Edward Hynes Charter School - Lakeview,70124
3C2001,Hynes Lakeview,5,48,48,Edward Hynes,"Planning Districts 4, 5",1,941,Edward Hynes Charter School - Lakeview,70124
3C2001,Hynes Lakeview,1,52,53,Edward Hynes,"Planning Districts 4, 5",1,941,Edward Hynes Charter School - Lakeview,70124
3C2001,Hynes Lakeview French Immersion,K,16,28,Edward Hynes,"Planning Districts 4, 5",1,941,Edward Hynes Charter School - Lakeview,70124
3C2001,Hynes Lakeview French Immersion,1,17,28,Edward Hynes,"Planning Districts 4, 5",1,941,Edward Hynes Charter School - Lakeview,70124
3C2001,Hynes Lakeview French Immersion,5,10,20,Edward Hynes,"Planning Districts 4, 5",1,941,Edward Hynes Charter School - Lakeview,70124
3C2001,Hynes Lakeview French Immersion,4,16,27,Edward Hynes,"Planning Districts 4, 5",1,941,Edward Hynes Charter School - Lakeview,70124
3C2001,Hynes Lakeview French Immersion,3,27,30,Edward Hynes,"Planning Districts 4, 5",1,941,Edward Hynes Charter School - Lakeview,70124
3C2001,Hynes Lakeview French Immersion,2,16,31,Edward Hynes,"Planning Districts 4, 5",1,941,Edward Hynes Charter School - Lakeview,70124
3C2003,Hynes Parkview,3,55,70,Parkview,"Planning Districts 6, 7, 8",1,698,Edward Hynes Charter School - Parkview,70126
3C2003,Hynes Parkview,7,47,58,Parkview,"Planning Districts 6, 7, 8",1,698,Edward Hynes Charter School - Parkview,70126
3C2003,Hynes Parkview,1,43,45,Parkview,"Planning Districts 6, 7, 8",1,698,Edward Hynes Charter School - Parkview,70126
3C2003,Hynes Parkview,6,55,68,Parkview,"Planning Districts 6, 7, 8",1,698,Edward Hynes Charter School - Parkview,70126
3C2003,Hynes Parkview,K,57,66,Parkview,"Planning Districts 6, 7, 8",1,698,Edward Hynes Charter School - Parkview,70126
3C2003,Hynes Parkview,4,54,60,Parkview,"Planning Districts 6, 7, 8",1,698,Edward Hynes Charter School - Parkview,70126
3C2003,Hynes Parkview,5,51,61,Parkview,"Planning Districts 6, 7, 8",1,698,Edward Hynes Charter School - Parkview,70126
3C2003,Hynes Parkview,8,51,60,Parkview,"Planning Districts 6, 7, 8",1,698,Edward Hynes Charter School - Parkview,70126
3C2003,Hynes Parkview,2,45,63,Parkview,"Planning Districts 6, 7, 8",1,698,Edward Hynes Charter School - Parkview,70126
3C2002,Hynes UNO,4,67,84,Jean Gordon Modulars,"Planning Districts 6, 7, 8",4,400,Edward Hynes Charter School - UNO,70122
3C2002,Hynes UNO,3,81,89,Jean Gordon Modulars,"Planning Districts 6, 7, 8",4,400,Edward Hynes Charter School - UNO,70122
3C2002,Hynes UNO,1,76,86,Jean Gordon Modulars,"Planning Districts 6, 7, 8",4,400,Edward Hynes Charter School - UNO,70122
3C2002,Hynes UNO,K,72,75,Jean Gordon Modulars,"Planning Districts 6, 7, 8",4,400,Edward Hynes Charter School - UNO,70122
3C2002,Hynes UNO,2,78,88,Jean Gordon Modulars,"Planning Districts 6, 7, 8",4,400,Edward Hynes Charter School - UNO,70122
3C2002,Hynes UNO French Immersion,3,5,21,Jean Gordon Modulars,"Planning Districts 6, 7, 8",4,400,Edward Hynes Charter School - UNO,70122
3C2002,Hynes UNO French Immersion,1,17,26,Jean Gordon Modulars,"Planning Districts 6, 7, 8",4,400,Edward Hynes Charter School - UNO,70122
3C2002,Hynes UNO French Immersion,K,20,32,Jean Gordon Modulars,"Planning Districts 6, 7, 8",4,400,Edward Hynes Charter School - UNO,70122
3C2002,Hynes UNO French Immersion,4,-1,4,Jean Gordon Modulars,"Planning Districts 6, 7, 8",4,400,Edward Hynes Charter School - UNO,70122
3C2002,Hynes UNO French Immersion,2,9,18,Jean Gordon Modulars,"Planning Districts 6, 7, 8",4,400,Edward Hynes Charter School - UNO,70122
344001,International High School of New Orleans,11,92,107,Rabouin,"Planning Districts 1a, 1b, 2, 3",4,606,International High School of New Orleans,70130
344001,International High School of New Orleans,12,69,69,Rabouin,"Planning Districts 1a, 1b, 2, 3",4,606,International High School of New Orleans,70130
344001,International High School of New Orleans,10,90,105,Rabouin,"Planning Districts 1a, 1b, 2, 3",4,606,International High School of New Orleans,70130
344001,International High School of New Orleans,9,112,116,Rabouin,"Planning Districts 1a, 1b, 2, 3",4,606,International High School of New Orleans,70130
331001,International School of LA: Camp (French),3,24,33,Justice Revius Oliver Ortique Jr.,"Planning Districts 1a, 1b, 2, 3",3,461,International School of Louisiana,70130
331001,International School of LA: Camp (French),8,13,32,Justice Revius Oliver Ortique Jr.,"Planning Districts 1a, 1b, 2, 3",3,461,International School of Louisiana,70130
331001,International School of LA: Camp (French),4,24,38,Justice Revius Oliver Ortique Jr.,"Planning Districts 1a, 1b, 2, 3",3,461,International School of Louisiana,70130
331001,International School of LA: Camp (French),7,24,37,Justice Revius Oliver Ortique Jr.,"Planning Districts 1a, 1b, 2, 3",3,461,International School of Louisiana,70130
331001,International School of LA: Camp (French),5,23,26,Justice Revius Oliver Ortique Jr.,"Planning Districts 1a, 1b, 2, 3",3,461,International School of Louisiana,70130
331001,International School of LA: Camp (French),6,24,28,Justice Revius Oliver Ortique Jr.,"Planning Districts 1a, 1b, 2, 3",3,461,International School of Louisiana,70130
331001,International School of LA: Camp (Spanish),7,67,83,Justice Revius Oliver Ortique Jr.,"Planning Districts 1a, 1b, 2, 3",3,461,International School of Louisiana,70130
331001,International School of LA: Camp (Spanish),4,36,36,Justice Revius Oliver Ortique Jr.,"Planning Districts 1a, 1b, 2, 3",3,461,International School of Louisiana,70130
331001,International School of LA: Camp (Spanish),8,49,58,Justice Revius Oliver Ortique Jr.,"Planning Districts 1a, 1b, 2, 3",3,461,International School of Louisiana,70130
331001,International School of LA: Camp (Spanish),3,44,63,Justice Revius Oliver Ortique Jr.,"Planning Districts 1a, 1b, 2, 3",3,461,International School of Louisiana,70130
331001,International School of LA: Camp (Spanish),6,56,69,Justice Revius Oliver Ortique Jr.,"Planning Districts 1a, 1b, 2, 3",3,461,International School of Louisiana,70130
331001,International School of LA: Camp (Spanish),5,31,35,Justice Revius Oliver Ortique Jr.,"Planning Districts 1a, 1b, 2, 3",3,461,International School of Louisiana,70130
331001,International School of LA: Dixon (French),K,18,32,Enrique Alferez,"Planning Districts 1a, 1b, 2, 3",4,242,International School of Louisiana,70118
331001,International School of LA: Dixon (French),1,28,34,Enrique Alferez,"Planning Districts 1a, 1b, 2, 3",4,242,International School of Louisiana,70118
331001,International School of LA: Dixon (French),2,33,49,Enrique Alferez,"Planning Districts 1a, 1b, 2, 3",4,242,International School of Louisiana,70118
331001,International School of LA: Dixon (Spanish),K,73,93,Enrique Alferez,"Planning Districts 1a, 1b, 2, 3",4,242,International School of Louisiana,70118
331001,International School of LA: Dixon (Spanish),1,55,71,Enrique Alferez,"Planning Districts 1a, 1b, 2, 3",4,242,International School of Louisiana,70118
331001,International School of LA: Dixon (Spanish),2,38,44,Enrique Alferez,"Planning Districts 1a, 1b, 2, 3",4,242,International School of Louisiana,70118
331001,International School of LA: Olivier (Spanish),2,44,49,Private Facility (ISL Olivier),"Planning Districts 12, 13",,0,International School of Louisiana,70114
331001,International School of LA: Olivier (Spanish),4,41,46,Private Facility (ISL Olivier),"Planning Districts 12, 13",,0,International School of Louisiana,70114
331001,International School of LA: Olivier (Spanish),1,60,64,Private Facility (ISL Olivier),"Planning Districts 12, 13",,0,International School of Louisiana,70114
331001,International School of LA: Olivier (Spanish),K,66,79,Private Facility (ISL Olivier),"Planning Districts 12, 13",,0,International School of Louisiana,70114
331001,International School of LA: Olivier (Spanish),3,39,39,Private Facility (ISL Olivier),"Planning Districts 12, 13",,0,International School of Louisiana,70114
331001,International School of LA: Olivier (Spanish),5,24,34,Private Facility (ISL Olivier),"Planning Districts 12, 13",,0,International School of Louisiana,70114
398009,John F. Kennedy High School (KIPP),10,155,168,John F. Kennedy,"Planning Districts 6, 7, 8",1,1001,John F. Kennedy High School,70122
398009,John F. Kennedy High School (KIPP),12,94,102,John F. Kennedy,"Planning Districts 6, 7, 8",1,1001,John F. Kennedy High School,70122
398009,John F. Kennedy High School (KIPP),11,143,163,John F. Kennedy,"Planning Districts 6, 7, 8",1,1001,John F. Kennedy High School,70122
398009,John F. Kennedy High School (KIPP),9,171,176,John F. Kennedy,"Planning Districts 6, 7, 8",1,1001,John F. Kennedy High School,70122
398001,KIPP Believe,3,76,87,Private Facility (KIPP Believe),"Planning Districts 4, 5",,0,KIPP Believe,70122
398001,KIPP Believe,K,51,59,Private Facility (KIPP Believe),"Planning Districts 4, 5",,0,KIPP Believe,70122
398001,KIPP Believe,6,64,73,Private Facility (KIPP Believe),"Planning Districts 4, 5",,0,KIPP Believe,70122
398001,KIPP Believe,7,83,102,Private Facility (KIPP Believe),"Planning Districts 4, 5",,0,KIPP Believe,70122
398001,KIPP Believe,1,78,86,Private Facility (KIPP Believe),"Planning Districts 4, 5",,0,KIPP Believe,70122
398001,KIPP Believe,5,72,84,Private Facility (KIPP Believe),"Planning Districts 4, 5",,0,KIPP Believe,70122
398001,KIPP Believe,2,65,76,Private Facility (KIPP Believe),"Planning Districts 4, 5",,0,KIPP Believe,70122
398001,KIPP Believe,8,78,88,Private Facility (KIPP Believe),"Planning Districts 4, 5",,0,KIPP Believe,70122
398001,KIPP Believe,4,74,79,Private Facility (KIPP Believe),"Planning Districts 4, 5",,0,KIPP Believe,70122
398004,KIPP Central City,6,74,90,Woodson,"Planning Districts 1a, 1b, 2, 3",1,649,KIPP Central City,70113
398004,KIPP Central City,8,92,102,Woodson,"Planning Districts 1a, 1b, 2, 3",1,649,KIPP Central City,70113
398004,KIPP Central City,1,73,74,Sylvanie Williams,"Planning Districts 4, 5",3,673,KIPP Central City,70125
398004,KIPP Central City,3,71,90,Sylvanie Williams,"Planning Districts 4, 5",3,673,KIPP Central City,70125
398004,KIPP Central City,7,93,101,Woodson,"Planning Districts 1a, 1b, 2, 3",1,649,KIPP Central City,70113
398004,KIPP Central City,2,101,106,Sylvanie Williams,"Planning Districts 4, 5",3,673,KIPP Central City,70125
398004,KIPP Central City,5,78,84,Woodson,"Planning Districts 1a, 1b, 2, 3",1,649,KIPP Central City,70113
398004,KIPP Central City,4,68,77,Sylvanie Williams,"Planning Districts 4, 5",3,673,KIPP Central City,70125
398004,KIPP Central City,K,85,96,Sylvanie Williams,"Planning Districts 4, 5",3,673,KIPP Central City,70125
398007,KIPP East,6,87,96,Abrams,"Planning Districts 9, 10, 11",1,1232,KIPP East,70126
398007,KIPP East,8,85,89,Abrams,"Planning Districts 9, 10, 11",1,1232,KIPP East,70126
398007,KIPP East,2,97,97,Abrams,"Planning Districts 9, 10, 11",1,1232,KIPP East,70126
398007,KIPP East,1,87,106,Abrams,"Planning Districts 9, 10, 11",1,1232,KIPP East,70126
398007,KIPP East,3,94,104,Abrams,"Planning Districts 9, 10, 11",1,1232,KIPP East,70126
398007,KIPP East,5,94,101,Abrams,"Planning Districts 9, 10, 11",1,1232,KIPP East,70126
398007,KIPP East,K,95,102,Abrams,"Planning Districts 9, 10, 11",1,1232,KIPP East,70126
398007,KIPP East,4,96,103,Abrams,"Planning Districts 9, 10, 11",1,1232,KIPP East,70126
398007,KIPP East,7,87,87,Abrams,"Planning Districts 9, 10, 11",1,1232,KIPP East,70126
398006,KIPP Leadership,K,77,96,Colton,"Planning Districts 6, 7, 8",1,989,KIPP Leadership,70117
398006,KIPP Leadership,8,97,97,Colton,"Planning Districts 6, 7, 8",1,989,KIPP Leadership,70117
398006,KIPP Leadership,2,96,108,Colton,"Planning Districts 6, 7, 8",1,989,KIPP Leadership,70117
398006,KIPP Leadership,6,102,112,Colton,"Planning Districts 6, 7, 8",1,989,KIPP Leadership,70117
398006,KIPP Leadership,4,74,83,Colton,"Planning Districts 6, 7, 8",1,989,KIPP Leadership,70117
398006,KIPP Leadership,7,95,115,Colton,"Planning Districts 6, 7, 8",1,989,KIPP Leadership,70117
398006,KIPP Leadership,1,92,103,Colton,"Planning Districts 6, 7, 8",1,989,KIPP Leadership,70117
398006,KIPP Leadership,5,92,93,Colton,"Planning Districts 6, 7, 8",1,989,KIPP Leadership,70117
398006,KIPP Leadership,3,89,98,Colton,"Planning Districts 6, 7, 8",1,989,KIPP Leadership,70117
398002,KIPP Morial,6,100,111,Ernest J. Morial,"Planning Districts 9, 10, 11",1,1280,KIPP Morial,70126
398002,KIPP Morial,K,81,92,Ernest J. Morial,"Planning Districts 9, 10, 11",1,1280,KIPP Morial,70126
398002,KIPP Morial,3,97,109,Ernest J. Morial,"Planning Districts 9, 10, 11",1,1280,KIPP Morial,70126
398002,KIPP Morial,1,98,99,Ernest J. Morial,"Planning Districts 9, 10, 11",1,1280,KIPP Morial,70126
398002,KIPP Morial,7,97,97,Ernest J. Morial,"Planning Districts 9, 10, 11",1,1280,KIPP Morial,70126
398002,KIPP Morial,5,92,97,Ernest J. Morial,"Planning Districts 9, 10, 11",1,1280,KIPP Morial,70126
398002,KIPP Morial,2,91,102,Ernest J. Morial,"Planning Districts 9, 10, 11",1,1280,KIPP Morial,70126
398002,KIPP Morial,4,96,97,Ernest J. Morial,"Planning Districts 9, 10, 11",1,1280,KIPP Morial,70126
398002,KIPP Morial,8,96,98,Ernest J. Morial,"Planning Districts 9, 10, 11",1,1280,KIPP Morial,70126
395005,L.B. Landry High School,9,115,124,L.B. Landry,"Planning Districts 12, 13",2,1390,L.B. Landry High School,70114
395005,L.B. Landry High School,10,130,138,L.B. Landry,"Planning Districts 12, 13",2,1390,L.B. Landry High School,70114
395005,L.B. Landry High School,11,105,112,L.B. Landry,"Planning Districts 12, 13",2,1390,L.B. Landry High School,70114
395005,L.B. Landry High School,12,101,109,L.B. Landry,"Planning Districts 12, 13",2,1390,L.B. Landry High School,70114
3C3002,Lafayette Academy Charter School,1,41,55,Leah L. Chase,"Planning Districts 1a, 1b, 2, 3",1,637,Lafayette Academy Charter School,70118
3C3002,Lafayette Academy Charter School,5,58,76,Leah L. Chase,"Planning Districts 1a, 1b, 2, 3",1,637,Lafayette Academy Charter School,70118
3C3002,Lafayette Academy Charter School,2,52,69,Leah L. Chase,"Planning Districts 1a, 1b, 2, 3",1,637,Lafayette Academy Charter School,70118
3C3002,Lafayette Academy Charter School,4,37,50,Leah L. Chase,"Planning Districts 1a, 1b, 2, 3",1,637,Lafayette Academy Charter School,70118
3C3002,Lafayette Academy Charter School,7,47,60,Leah L. Chase,"Planning Districts 1a, 1b, 2, 3",1,637,Lafayette Academy Charter School,70118
3C3002,Lafayette Academy Charter School,6,49,63,Leah L. Chase,"Planning Districts 1a, 1b, 2, 3",1,637,Lafayette Academy Charter School,70118
3C3002,Lafayette Academy Charter School,3,35,41,Leah L. Chase,"Planning Districts 1a, 1b, 2, 3",1,637,Lafayette Academy Charter School,70118
3C3002,Lafayette Academy Charter School,K,48,52,Leah L. Chase,"Planning Districts 1a, 1b, 2, 3",1,637,Lafayette Academy Charter School,70118
3C3002,Lafayette Academy Charter School,8,52,54,Leah L. Chase,"Planning Districts 1a, 1b, 2, 3",1,637,Lafayette Academy Charter School,70118
WBH001,Lake Forest Elementary Charter School,8,43,56,Lake Forest,"Planning Districts 9, 10, 11",1,910,Lake Forest Elementary Charter School,70128
WBH001,Lake Forest Elementary Charter School,K,84,95,Lake Forest,"Planning Districts 9, 10, 11",1,910,Lake Forest Elementary Charter School,70128
WBH001,Lake Forest Elementary Charter School,2,64,78,Lake Forest,"Planning Districts 9, 10, 11",1,910,Lake Forest Elementary Charter School,70128
WBH001,Lake Forest Elementary Charter School,3,66,73,Lake Forest,"Planning Districts 9, 10, 11",1,910,Lake Forest Elementary Charter School,70128
WBH001,Lake Forest Elementary Charter School,1,66,76,Lake Forest,"Planning Districts 9, 10, 11",1,910,Lake Forest Elementary Charter School,70128
WBH001,Lake Forest Elementary Charter School,4,67,82,Lake Forest,"Planning Districts 9, 10, 11",1,910,Lake Forest Elementary Charter School,70128
WBH001,Lake Forest Elementary Charter School,5,68,69,Lake Forest,"Planning Districts 9, 10, 11",1,910,Lake Forest Elementary Charter School,70128
WBH001,Lake Forest Elementary Charter School,7,66,83,Lake Forest,"Planning Districts 9, 10, 11",1,910,Lake Forest Elementary Charter School,70128
WBH001,Lake Forest Elementary Charter School,6,60,72,Lake Forest,"Planning Districts 9, 10, 11",1,910,Lake Forest Elementary Charter School,70128
WBW001,Living School,12,33,42,Private Facility (Living),"Planning Districts 9, 10, 11",,0,Living School,70128
WBW001,Living School,10,50,62,Private Facility (Living),"Planning Districts 9, 10, 11",,0,Living School,70128
WBW001,Living School,9,25,35,Private Facility (Living),"Planning Districts 9, 10, 11",,0,Living School,70128
WBW001,Living School,11,47,61,Private Facility (Living),"Planning Districts 9, 10, 11",,0,Living School,70128
347001,Lyce Franais de la Nouvelle-Orlans (LFNO),4,73,87,Johnson,"Planning Districts 1a, 1b, 2, 3",3,855,Lycee Francais de la Nouvelle-Orleans,70118
347001,Lyce Franais de la Nouvelle-Orlans (LFNO),6,40,49,Johnson,"Planning Districts 1a, 1b, 2, 3",3,855,Lycee Francais de la Nouvelle-Orleans,70118
347001,Lyce Franais de la Nouvelle-Orlans (LFNO),5,60,68,Johnson,"Planning Districts 1a, 1b, 2, 3",3,855,Lycee Francais de la Nouvelle-Orleans,70118
347001,Lyce Franais de la Nouvelle-Orlans (LFNO),8,70,78,Private Facility (Lycee Leonidas),"Planning Districts 1a, 1b, 2, 3",,0,Lycee Francais de la Nouvelle-Orleans,70118
347001,Lyce Franais de la Nouvelle-Orlans (LFNO),1,91,98,Private Facility (Lycee Patton),"Planning Districts 1a, 1b, 2, 3",,0,Lycee Francais de la Nouvelle-Orleans,70115
347001,Lyce Franais de la Nouvelle-Orlans (LFNO),11,26,42,Private Facility (Lycee Leonidas),"Planning Districts 1a, 1b, 2, 3",,0,Lycee Francais de la Nouvelle-Orleans,70118
347001,Lyce Franais de la Nouvelle-Orlans (LFNO),2,93,106,Private Facility (Lycee Patton),"Planning Districts 1a, 1b, 2, 3",,0,Lycee Francais de la Nouvelle-Orleans,70115
347001,Lyce Franais de la Nouvelle-Orlans (LFNO),3,63,73,Johnson,"Planning Districts 1a, 1b, 2, 3",3,855,Lycee Francais de la Nouvelle-Orleans,70118
347001,Lyce Franais de la Nouvelle-Orlans (LFNO),10,32,50,Private Facility (Lycee Leonidas),"Planning Districts 1a, 1b, 2, 3",,0,Lycee Francais de la Nouvelle-Orleans,70118
347001,Lyce Franais de la Nouvelle-Orlans (LFNO),K,86,104,Private Facility (Lycee Patton),"Planning Districts 1a, 1b, 2, 3",,0,Lycee Francais de la Nouvelle-Orleans,70115
347001,Lyce Franais de la Nouvelle-Orlans (LFNO),9,57,63,Private Facility (Lycee Leonidas),"Planning Districts 1a, 1b, 2, 3",,0,Lycee Francais de la Nouvelle-Orleans,70118
347001,Lyce Franais de la Nouvelle-Orlans (LFNO),7,56,70,Johnson,"Planning Districts 1a, 1b, 2, 3",3,855,Lycee Francais de la Nouvelle-Orleans,70118
347001,Lyce Franais de la Nouvelle-Orlans (LFNO),12,1,5,Private Facility (Lycee Leonidas),"Planning Districts 1a, 1b, 2, 3",,0,Lycee Francais de la Nouvelle-Orleans,70118
395001,Martin Behrman Charter School Academy of Creative Arts and Sciences,7,88,97,Rose Mary Loving,"Planning Districts 12, 13",1,740,Martin Behrman Charter Acad of Creative Arts & Sci,70114
395001,Martin Behrman Charter School Academy of Creative Arts and Sciences,8,77,90,Rose Mary Loving,"Planning Districts 12, 13",1,740,Martin Behrman Charter Acad of Creative Arts & Sci,70114
395001,Martin Behrman Charter School Academy of Creative Arts and Sciences,6,69,83,Rose Mary Loving,"Planning Districts 12, 13",1,740,Martin Behrman Charter Acad of Creative Arts & Sci,70114
395001,Martin Behrman Charter School Academy of Creative Arts and Sciences,3,84,102,Rose Mary Loving,"Planning Districts 12, 13",1,740,Martin Behrman Charter Acad of Creative Arts & Sci,70114
395001,Martin Behrman Charter School Academy of Creative Arts and Sciences,4,83,87,Rose Mary Loving,"Planning Districts 12, 13",1,740,Martin Behrman Charter Acad of Creative Arts & Sci,70114
395001,Martin Behrman Charter School Academy of Creative Arts and Sciences,K,75,75,Rose Mary Loving,"Planning Districts 12, 13",1,740,Martin Behrman Charter Acad of Creative Arts & Sci,70114
395001,Martin Behrman Charter School Academy of Creative Arts and Sciences,2,75,88,Rose Mary Loving,"Planning Districts 12, 13",1,740,Martin Behrman Charter Acad of Creative Arts & Sci,70114
395001,Martin Behrman Charter School Academy of Creative Arts and Sciences,1,93,104,Rose Mary Loving,"Planning Districts 12, 13",1,740,Martin Behrman Charter Acad of Creative Arts & Sci,70114
395001,Martin Behrman Charter School Academy of Creative Arts and Sciences,5,75,84,Rose Mary Loving,"Planning Districts 12, 13",1,740,Martin Behrman Charter Acad of Creative Arts & Sci,70114
036011,Mary McLeod Bethune Elementary Charter School,7,69,73,Mary McLeod Bethune,"Planning Districts 6, 7, 8",1,965,Mary Bethune Elementary Literature/Technology,70122
036011,Mary McLeod Bethune Elementary Charter School,4,68,68,Mary McLeod Bethune,"Planning Districts 6, 7, 8",1,965,Mary Bethune Elementary Literature/Technology,70122
036011,Mary McLeod Bethune Elementary Charter School,1,71,89,Mary McLeod Bethune,"Planning Districts 6, 7, 8",1,965,Mary Bethune Elementary Literature/Technology,70122
036011,Mary McLeod Bethune Elementary Charter School,2,75,85,Mary McLeod Bethune,"Planning Districts 6, 7, 8",1,965,Mary Bethune Elementary Literature/Technology,70122
036011,Mary McLeod Bethune Elementary Charter School,3,64,69,Mary McLeod Bethune,"Planning Districts 6, 7, 8",1,965,Mary Bethune Elementary Literature/Technology,70122
036011,Mary McLeod Bethune Elementary Charter School,8,63,75,Mary McLeod Bethune,"Planning Districts 6, 7, 8",1,965,Mary Bethune Elementary Literature/Technology,70122
036011,Mary McLeod Bethune Elementary Charter School,K,59,68,Mary McLeod Bethune,"Planning Districts 6, 7, 8",1,965,Mary Bethune Elementary Literature/Technology,70122
036011,Mary McLeod Bethune Elementary Charter School,6,56,57,Mary McLeod Bethune,"Planning Districts 6, 7, 8",1,965,Mary Bethune Elementary Literature/Technology,70122
036011,Mary McLeod Bethune Elementary Charter School,5,69,88,Mary McLeod Bethune,"Planning Districts 6, 7, 8",1,965,Mary Bethune Elementary Literature/Technology,70122
WBZ001,McDonogh 35 Senior High School,12,181,187,McDonogh 35,"Planning Districts 4, 5",1,1523,McDonogh 35 Senior High School,70122
WBZ001,McDonogh 35 Senior High School,11,192,199,McDonogh 35,"Planning Districts 4, 5",1,1523,McDonogh 35 Senior High School,70122
WBZ001,McDonogh 35 Senior High School,9,212,218,McDonogh 35,"Planning Districts 4, 5",1,1523,McDonogh 35 Senior High School,70122
WBZ001,McDonogh 35 Senior High School,10,211,215,McDonogh 35,"Planning Districts 4, 5",1,1523,McDonogh 35 Senior High School,70122
3C3003,Mildred Osborne Charter School (Crescent City Schools),8,52,70,Mildred Osborne,"Planning Districts 9, 10, 11",1,698,Esperanza Charter School,70126
3C3003,Mildred Osborne Charter School (Crescent City Schools),6,45,60,Mildred Osborne,"Planning Districts 9, 10, 11",1,698,Esperanza Charter School,70126
363003,Mildred Osborne Charter School (Crescent City Schools),3,79,81,Mildred Osborne,"Planning Districts 9, 10, 11",1,698,Mildred Osborne Charter School,70126
3C3003,Mildred Osborne Charter School (Crescent City Schools),4,40,45,Mildred Osborne,"Planning Districts 9, 10, 11",1,698,Esperanza Charter School,70126
363003,Mildred Osborne Charter School (Crescent City Schools),1,78,98,Mildred Osborne,"Planning Districts 9, 10, 11",1,698,Mildred Osborne Charter School,70126
3C3003,Mildred Osborne Charter School (Crescent City Schools),5,54,69,Mildred Osborne,"Planning Districts 9, 10, 11",1,698,Esperanza Charter School,70126
363003,Mildred Osborne Charter School (Crescent City Schools),K,61,73,Mildred Osborne,"Planning Districts 9, 10, 11",1,698,Mildred Osborne Charter School,70126
363003,Mildred Osborne Charter School (Crescent City Schools),2,75,95,Mildred Osborne,"Planning Districts 9, 10, 11",1,698,Mildred Osborne Charter School,70126
3C3003,Mildred Osborne Charter School (Crescent City Schools),7,53,72,Mildred Osborne,"Planning Districts 9, 10, 11",1,698,Esperanza Charter School,70126
368001,Morris Jeff Community School,10,95,106,William Frantz,"Planning Districts 6, 7, 8",2,612,Morris Jeff Community School,70117
368001,Morris Jeff Community School,3,105,121,Morris F.X. Jeff Sr.,"Planning Districts 4, 5",1,989,Morris Jeff Community School,70119
368001,Morris Jeff Community School,4,102,114,Morris F.X. Jeff Sr.,"Planning Districts 4, 5",1,989,Morris Jeff Community School,70119
368001,Morris Jeff Community School,6,80,84,Drew,"Planning Districts 6, 7, 8",3,461,Morris Jeff Community School,70117
368001,Morris Jeff Community School,1,101,106,Morris F.X. Jeff Sr.,"Planning Districts 4, 5",1,989,Morris Jeff Community School,70119
368001,Morris Jeff Community School,11,112,131,William Frantz,"Planning Districts 6, 7, 8",2,612,Morris Jeff Community School,70117
368001,Morris Jeff Community School,K,113,130,Morris F.X. Jeff Sr.,"Planning Districts 4, 5",1,989,Morris Jeff Community School,70119
368001,Morris Jeff Community School,5,79,96,Morris F.X. Jeff Sr.,"Planning Districts 4, 5",1,989,Morris Jeff Community School,70119
368001,Morris Jeff Community School,7,79,90,Drew,"Planning Districts 6, 7, 8",3,461,Morris Jeff Community School,70117
368001,Morris Jeff Community School,2,105,119,Morris F.X. Jeff Sr.,"Planning Districts 4, 5",1,989,Morris Jeff Community School,70119
368001,Morris Jeff Community School,9,99,109,William Frantz,"Planning Districts 6, 7, 8",2,612,Morris Jeff Community School,70117
368001,Morris Jeff Community School,8,89,90,Drew,"Planning Districts 6, 7, 8",3,461,Morris Jeff Community School,70117
368001,Morris Jeff Community School,12,97,106,William Frantz,"Planning Districts 6, 7, 8",2,612,Morris Jeff Community School,70117
WBQ001,New Harmony High,9,75,89,Private Facility (New Harmony),"Planning Districts 4, 5",,0,New Harmony High Institute,70119
WBQ001,New Harmony High,10,72,73,Private Facility (New Harmony),"Planning Districts 4, 5",,0,New Harmony High Institute,70119
WBQ001,New Harmony High,11,76,88,Private Facility (New Harmony),"Planning Districts 4, 5",,0,New Harmony High Institute,70119
WBQ001,New Harmony High,12,57,68,Private Facility (New Harmony),"Planning Districts 4, 5",,0,New Harmony High Institute,70119
348001,New Orleans Military and Maritime Academy (NOMMA),10,178,186,Private Facility (NOMMA),"Planning Districts 12, 13",,0,New Orleans Military & Maritime Academy,70114
348001,New Orleans Military and Maritime Academy (NOMMA),9,217,232,Private Facility (NOMMA),"Planning Districts 12, 13",,0,New Orleans Military & Maritime Academy,70114
348001,New Orleans Military and Maritime Academy (NOMMA),11,184,198,Private Facility (NOMMA),"Planning Districts 12, 13",,0,New Orleans Military & Maritime Academy,70114
348001,New Orleans Military and Maritime Academy (NOMMA),8,130,133,Private Facility (NOMMA),"Planning Districts 12, 13",,0,New Orleans Military & Maritime Academy,70114
W18001,Noble Minds Institute for Whole Child Learning,K,-1,6,Private Facility (Noble Minds),"Planning Districts 1a, 1b, 2, 3",,0,Noble Minds,70118
W18001,Noble Minds Institute for Whole Child Learning,4,11,12,Private Facility (Noble Minds),"Planning Districts 1a, 1b, 2, 3",,0,Noble Minds,70118
W18001,Noble Minds Institute for Whole Child Learning,6,13,13,Private Facility (Noble Minds),"Planning Districts 1a, 1b, 2, 3",,0,Noble Minds,70118
W18001,Noble Minds Institute for Whole Child Learning,7,7,10,Private Facility (Noble Minds),"Planning Districts 1a, 1b, 2, 3",,0,Noble Minds,70118
W18001,Noble Minds Institute for Whole Child Learning,5,14,33,Private Facility (Noble Minds),"Planning Districts 1a, 1b, 2, 3",,0,Noble Minds,70118
W18001,Noble Minds Institute for Whole Child Learning,3,12,23,Private Facility (Noble Minds),"Planning Districts 1a, 1b, 2, 3",,0,Noble Minds,70118
W18001,Noble Minds Institute for Whole Child Learning,1,6,12,Private Facility (Noble Minds),"Planning Districts 1a, 1b, 2, 3",,0,Noble Minds,70118
W18001,Noble Minds Institute for Whole Child Learning,2,8,21,Private Facility (Noble Minds),"Planning Districts 1a, 1b, 2, 3",,0,Noble Minds,70118
W18001,Noble Minds Institute for Whole Child Learning,8,7,15,Private Facility (Noble Minds),"Planning Districts 1a, 1b, 2, 3",,0,Noble Minds,70118
WBI001,NO Charter Science and Math High School (Sci High),9,166,181,Albert Wicker,"Planning Districts 4, 5",1,836,New Orleans Charter Science and Mathematics HS,70112
WBI001,NO Charter Science and Math High School (Sci High),10,156,165,Albert Wicker,"Planning Districts 4, 5",1,836,New Orleans Charter Science and Mathematics HS,70112
WBI001,NO Charter Science and Math High School (Sci High),11,135,151,Albert Wicker,"Planning Districts 4, 5",1,836,New Orleans Charter Science and Mathematics HS,70112
WBI001,NO Charter Science and Math High School (Sci High),12,110,126,Albert Wicker,"Planning Districts 4, 5",1,836,New Orleans Charter Science and Mathematics HS,70112
369003,ReNEW Dolores T. Aaron Academy,3,58,67,Dolores T. Aaron,"Planning Districts 9, 10, 11",2,698,ReNEW Dolores T. Aaron Elementary,70127
369003,ReNEW Dolores T. Aaron Academy,K,62,67,Dolores T. Aaron,"Planning Districts 9, 10, 11",2,698,ReNEW Dolores T. Aaron Elementary,70127
369003,ReNEW Dolores T. Aaron Academy,4,67,86,Dolores T. Aaron,"Planning Districts 9, 10, 11",2,698,ReNEW Dolores T. Aaron Elementary,70127
369003,ReNEW Dolores T. Aaron Academy,6,73,88,Dolores T. Aaron,"Planning Districts 9, 10, 11",2,698,ReNEW Dolores T. Aaron Elementary,70127
369003,ReNEW Dolores T. Aaron Academy,8,73,79,Dolores T. Aaron,"Planning Districts 9, 10, 11",2,698,ReNEW Dolores T. Aaron Elementary,70127
369003,ReNEW Dolores T. Aaron Academy,2,75,89,Dolores T. Aaron,"Planning Districts 9, 10, 11",2,698,ReNEW Dolores T. Aaron Elementary,70127
369003,ReNEW Dolores T. Aaron Academy,5,77,94,Dolores T. Aaron,"Planning Districts 9, 10, 11",2,698,ReNEW Dolores T. Aaron Elementary,70127
369003,ReNEW Dolores T. Aaron Academy,7,76,94,Dolores T. Aaron,"Planning Districts 9, 10, 11",2,698,ReNEW Dolores T. Aaron Elementary,70127
369003,ReNEW Dolores T. Aaron Academy,1,55,69,Dolores T. Aaron,"Planning Districts 9, 10, 11",2,698,ReNEW Dolores T. Aaron Elementary,70127
369002,ReNEW Laurel Elementary,8,75,79,Laurel,"Planning Districts 1a, 1b, 2, 3",3,1134,ReNEW Laurel Elementary,70130
369002,ReNEW Laurel Elementary,6,61,74,Laurel,"Planning Districts 1a, 1b, 2, 3",3,1134,ReNEW Laurel Elementary,70130
369002,ReNEW Laurel Elementary,K,46,55,Laurel,"Planning Districts 1a, 1b, 2, 3",3,1134,ReNEW Laurel Elementary,70130
369002,ReNEW Laurel Elementary,3,63,82,Laurel,"Planning Districts 1a, 1b, 2, 3",3,1134,ReNEW Laurel Elementary,70130
369002,ReNEW Laurel Elementary,7,58,76,Laurel,"Planning Districts 1a, 1b, 2, 3",3,1134,ReNEW Laurel Elementary,70130
369002,ReNEW Laurel Elementary,4,49,64,Laurel,"Planning Districts 1a, 1b, 2, 3",3,1134,ReNEW Laurel Elementary,70130
369002,ReNEW Laurel Elementary,5,44,61,Laurel,"Planning Districts 1a, 1b, 2, 3",3,1134,ReNEW Laurel Elementary,70130
369002,ReNEW Laurel Elementary,2,43,51,Laurel,"Planning Districts 1a, 1b, 2, 3",3,1134,ReNEW Laurel Elementary,70130
369002,ReNEW Laurel Elementary,1,58,70,Laurel,"Planning Districts 1a, 1b, 2, 3",3,1134,ReNEW Laurel Elementary,70130
369006,ReNEW Schaumburg Elementary,6,52,54,Schaumburg,"Planning Districts 9, 10, 11",2,728,ReNEW Schaumburg Elementary,70127
369006,ReNEW Schaumburg Elementary,2,56,68,Schaumburg,"Planning Districts 9, 10, 11",2,728,ReNEW Schaumburg Elementary,70127
369006,ReNEW Schaumburg Elementary,5,56,62,Schaumburg,"Planning Districts 9, 10, 11",2,728,ReNEW Schaumburg Elementary,70127
369006,ReNEW Schaumburg Elementary,8,74,87,Schaumburg,"Planning Districts 9, 10, 11",2,728,ReNEW Schaumburg Elementary,70127
369006,ReNEW Schaumburg Elementary,1,67,79,Schaumburg,"Planning Districts 9, 10, 11",2,728,ReNEW Schaumburg Elementary,70127
369006,ReNEW Schaumburg Elementary,K,58,66,Schaumburg,"Planning Districts 9, 10, 11",2,728,ReNEW Schaumburg Elementary,70127
369006,ReNEW Schaumburg Elementary,7,58,76,Schaumburg,"Planning Districts 9, 10, 11",2,728,ReNEW Schaumburg Elementary,70127
369006,ReNEW Schaumburg Elementary,4,58,65,Schaumburg,"Planning Districts 9, 10, 11",2,728,ReNEW Schaumburg Elementary,70127
369006,ReNEW Schaumburg Elementary,3,63,68,Schaumburg,"Planning Districts 9, 10, 11",2,728,ReNEW Schaumburg Elementary,70127
WBG001,Robert Russa Moton Charter School,5,30,42,North Kenilworth,"Planning Districts 9, 10, 11",1,1031,Robert Russa Moton Charter School,70127
WBG001,Robert Russa Moton Charter School,1,34,45,North Kenilworth,"Planning Districts 9, 10, 11",1,1031,Robert Russa Moton Charter School,70127
WBG001,Robert Russa Moton Charter School,3,38,54,North Kenilworth,"Planning Districts 9, 10, 11",1,1031,Robert Russa Moton Charter School,70127
WBG001,Robert Russa Moton Charter School,7,27,47,North Kenilworth,"Planning Districts 9, 10, 11",1,1031,Robert Russa Moton Charter School,70127
WBG001,Robert Russa Moton Charter School,4,31,39,North Kenilworth,"Planning Districts 9, 10, 11",1,1031,Robert Russa Moton Charter School,70127
WBG001,Robert Russa Moton Charter School,6,23,32,North Kenilworth,"Planning Districts 9, 10, 11",1,1031,Robert Russa Moton Charter School,70127
WBG001,Robert Russa Moton Charter School,2,23,43,North Kenilworth,"Planning Districts 9, 10, 11",1,1031,Robert Russa Moton Charter School,70127
WBG001,Robert Russa Moton Charter School,K,26,32,North Kenilworth,"Planning Districts 9, 10, 11",1,1031,Robert Russa Moton Charter School,70127
WBG001,Robert Russa Moton Charter School,8,47,54,North Kenilworth,"Planning Districts 9, 10, 11",1,1031,Robert Russa Moton Charter School,70127
3C7001,Rooted School,10,23,28,Private Facility (Rooted),"Planning Districts 6, 7, 8",,0,Rooted School,70122
3C7001,Rooted School,9,35,51,Private Facility (Rooted),"Planning Districts 6, 7, 8",,0,Rooted School,70122
3C7001,Rooted School,12,15,25,Private Facility (Rooted),"Planning Districts 6, 7, 8",,0,Rooted School,70122
3C7001,Rooted School,11,31,37,Private Facility (Rooted),"Planning Districts 6, 7, 8",,0,Rooted School,70122
WBM001,Sarah Towles Reed High School,11,95,100,Sarah Towles Reed,"Planning Districts 9, 10, 11",4,1311,Sarah Towles Reed High School,70129
WBM001,Sarah Towles Reed High School,12,49,64,Sarah Towles Reed,"Planning Districts 9, 10, 11",4,1311,Sarah Towles Reed High School,70129
WBM001,Sarah Towles Reed High School,10,97,103,Sarah Towles Reed,"Planning Districts 9, 10, 11",4,1311,Sarah Towles Reed High School,70129
WBM001,Sarah Towles Reed High School,9,108,108,Sarah Towles Reed,"Planning Districts 9, 10, 11",4,1311,Sarah Towles Reed High School,70129
397001,Sophie B. Wright High School,9,171,190,James Skelly Wright,"Planning Districts 1a, 1b, 2, 3",2,752,Sophie B. Wright Institute of Academic Excellence,70115
397001,Sophie B. Wright High School,10,135,152,James Skelly Wright,"Planning Districts 1a, 1b, 2, 3",2,752,Sophie B. Wright Institute of Academic Excellence,70115
397001,Sophie B. Wright High School,12,81,87,James Skelly Wright,"Planning Districts 1a, 1b, 2, 3",2,752,Sophie B. Wright Institute of Academic Excellence,70115
397001,Sophie B. Wright High School,11,132,145,James Skelly Wright,"Planning Districts 1a, 1b, 2, 3",2,752,Sophie B. Wright Institute of Academic Excellence,70115
374001,Success at Thurgood Marshall,1,29,29,Thurgood Marshall,"Planning Districts 4, 5",2,466,Success @ Thurgood Marshall,70119
374001,Success at Thurgood Marshall,3,31,48,Thurgood Marshall,"Planning Districts 4, 5",2,466,Success @ Thurgood Marshall,70119
374001,Success at Thurgood Marshall,4,50,54,Thurgood Marshall,"Planning Districts 4, 5",2,466,Success @ Thurgood Marshall,70119
374001,Success at Thurgood Marshall,2,27,42,Thurgood Marshall,"Planning Districts 4, 5",2,466,Success @ Thurgood Marshall,70119
374001,Success at Thurgood Marshall,6,48,64,Thurgood Marshall,"Planning Districts 4, 5",2,466,Success @ Thurgood Marshall,70119
374001,Success at Thurgood Marshall,7,49,68,Thurgood Marshall,"Planning Districts 4, 5",2,466,Success @ Thurgood Marshall,70119
374001,Success at Thurgood Marshall,8,42,61,Thurgood Marshall,"Planning Districts 4, 5",2,466,Success @ Thurgood Marshall,70119
374001,Success at Thurgood Marshall,5,50,62,Thurgood Marshall,"Planning Districts 4, 5",2,466,Success @ Thurgood Marshall,70119
374001,Success at Thurgood Marshall,K,31,51,Thurgood Marshall,"Planning Districts 4, 5",2,466,Success @ Thurgood Marshall,70119
360001,The NET Charter High School: Central City,9,39,42,Private Facility (NET Central City),"Planning Districts 1a, 1b, 2, 3",,0,The NET Charter High School,70113
360001,The NET Charter High School: Central City,10,23,36,Private Facility (NET Central City),"Planning Districts 1a, 1b, 2, 3",,0,The NET Charter High School,70113
360001,The NET Charter High School: Central City,11,15,24,Private Facility (NET Central City),"Planning Districts 1a, 1b, 2, 3",,0,The NET Charter High School,70113
360001,The NET Charter High School: Central City,12,31,49,Private Facility (NET Central City),"Planning Districts 1a, 1b, 2, 3",,0,The NET Charter High School,70113
360001,The NET Charter High School: Central City,8,-1,14,Private Facility (NET Central City),"Planning Districts 1a, 1b, 2, 3",,0,The NET Charter High School,70113
360003,The NET Charter High School: East,8,9,19,Gaudet,"Planning Districts 9, 10, 11",3,886,New Orleans Accelerated High School,70128
360003,The NET Charter High School: East,9,41,56,Gaudet,"Planning Districts 9, 10, 11",3,886,New Orleans Accelerated High School,70128
360003,The NET Charter High School: East,12,50,63,Gaudet,"Planning Districts 9, 10, 11",3,886,New Orleans Accelerated High School,70128
360003,The NET Charter High School: East,11,55,59,Gaudet,"Planning Districts 9, 10, 11",3,886,New Orleans Accelerated High School,70128
360003,The NET Charter High School: East,10,34,48,Gaudet,"Planning Districts 9, 10, 11",3,886,New Orleans Accelerated High School,70128
360002,The NET Charter High School: Gentilly,8,-2,9,Private Facility (NET Gentilly),"Planning Districts 6, 7, 8",,0,The NET 2 Charter High School,70122
360002,The NET Charter High School: Gentilly,10,15,33,Private Facility (NET Gentilly),"Planning Districts 6, 7, 8",,0,The NET 2 Charter High School,70122
360002,The NET Charter High School: Gentilly,9,14,33,Private Facility (NET Gentilly),"Planning Districts 6, 7, 8",,0,The NET 2 Charter High School,70122
360002,The NET Charter High School: Gentilly,11,28,40,Private Facility (NET Gentilly),"Planning Districts 6, 7, 8",,0,The NET 2 Charter High School,70122
360002,The NET Charter High School: Gentilly,12,15,21,Private Facility (NET Gentilly),"Planning Districts 6, 7, 8",,0,The NET 2 Charter High School,70122
WBE001,The Willow School (Formerly Lusher),2,110,122,Dr. Everett J. Williams Jr.,"Planning Districts 1a, 1b, 2, 3",3,503,The Willow School,70118
WBE001,The Willow School (Formerly Lusher),4,147,163,Dr. Everett J. Williams Jr.,"Planning Districts 1a, 1b, 2, 3",3,503,The Willow School,70118
WBE001,The Willow School (Formerly Lusher),10,158,164,Elijah Brimmer Jr.,"Planning Districts 1a, 1b, 2, 3",3,1432,The Willow School,70115
WBE001,The Willow School (Formerly Lusher),9,190,203,Elijah Brimmer Jr.,"Planning Districts 1a, 1b, 2, 3",3,1432,The Willow School,70115
WBE001,The Willow School (Formerly Lusher),12,185,196,Elijah Brimmer Jr.,"Planning Districts 1a, 1b, 2, 3",3,1432,The Willow School,70115
WBE001,The Willow School (Formerly Lusher),6,152,166,Ellis L. Marsalis Jr.,"Planning Districts 1a, 1b, 2, 3",3,545,The Willow School,70115
WBE001,The Willow School (Formerly Lusher),K,125,134,Dr. Everett J. Williams Jr.,"Planning Districts 1a, 1b, 2, 3",3,503,The Willow School,70118
WBE001,The Willow School (Formerly Lusher),1,119,119,Dr. Everett J. Williams Jr.,"Planning Districts 1a, 1b, 2, 3",3,503,The Willow School,70118
WBE001,The Willow School (Formerly Lusher),5,151,159,Ellis L. Marsalis Jr.,"Planning Districts 1a, 1b, 2, 3",3,545,The Willow School,70115
WBE001,The Willow School (Formerly Lusher),3,125,127,Dr. Everett J. Williams Jr.,"Planning Districts 1a, 1b, 2, 3",3,503,The Willow School,70118
WBE001,The Willow School (Formerly Lusher),11,189,197,Elijah Brimmer Jr.,"Planning Districts 1a, 1b, 2, 3",3,1432,The Willow School,70115
WBE001,The Willow School (Formerly Lusher),8,189,194,Elijah Brimmer Jr.,"Planning Districts 1a, 1b, 2, 3",3,1432,The Willow School,70115
WBE001,The Willow School (Formerly Lusher),7,149,150,Ellis L. Marsalis Jr.,"Planning Districts 1a, 1b, 2, 3",3,545,The Willow School,70115
WZB001,Warren Easton High School,11,237,253,Warren Easton,"Planning Districts 4, 5",2,1128,Warren Easton Charter High School,70119
WZB001,Warren Easton High School,10,299,305,Warren Easton,"Planning Districts 4, 5",2,1128,Warren Easton Charter High School,70119
WZB001,Warren Easton High School,12,255,274,Warren Easton,"Planning Districts 4, 5",2,1128,Warren Easton Charter High School,70119
WZB001,Warren Easton High School,9,303,318,Warren Easton,"Planning Districts 4, 5",2,1128,Warren Easton Charter High School,70119
3C8001,YACS at Lawrence D. Crocker,6,40,40,Lawrence D. Crocker,"Planning Districts 1a, 1b, 2, 3",1,722,Young Audiences at Crocker Elementary,70115
3C8001,YACS at Lawrence D. Crocker,7,31,46,Lawrence D. Crocker,"Planning Districts 1a, 1b, 2, 3",1,722,Young Audiences at Crocker Elementary,70115
3C8001,YACS at Lawrence D. Crocker,3,43,56,Lawrence D. Crocker,"Planning Districts 1a, 1b, 2, 3",1,722,Young Audiences at Crocker Elementary,70115
3C8001,YACS at Lawrence D. Crocker,1,33,51,Lawrence D. Crocker,"Planning Districts 1a, 1b, 2, 3",1,722,Young Audiences at Crocker Elementary,70115
3C8001,YACS at Lawrence D. Crocker,5,37,51,Lawrence D. Crocker,"Planning Districts 1a, 1b, 2, 3",1,722,Young Audiences at Crocker Elementary,70115
3C8001,YACS at Lawrence D. Crocker,8,35,39,Lawrence D. Crocker,"Planning Districts 1a, 1b, 2, 3",1,722,Young Audiences at Crocker Elementary,70115
3C8001,YACS at Lawrence D. Crocker,K,32,34,Lawrence D. Crocker,"Planning Districts 1a, 1b, 2, 3",1,722,Young Audiences at Crocker Elementary,70115
3C8001,YACS at Lawrence D. Crocker,4,53,63,Lawrence D. Crocker,"Planning Districts 1a, 1b, 2, 3",1,722,Young Audiences at Crocker Elementary,70115
3C8001,YACS at Lawrence D. Crocker,2,48,54,Lawrence D. Crocker,"Planning Districts 1a, 1b, 2, 3",1,722,Young Audiences at Crocker Elementary,70115
